contract_address,evt_tx_hash,evt_tx_from,evt_tx_to,evt_tx_index,evt_index,evt_block_time,evt_block_number,evt_block_date,amount,borrowRate,interestRateMode,onBehalfOf,referralCode,reserve,user
0x87870bca3f3fd6335c3f4ce8392d69350b4fa4e2,0x044d8091fb8006fec004353afffdff81cec844cee84a7425ba1dc2e76df125d5,0xc583b35dac907275582c4fb405b4b28055f529c7,0x87870bca3f3fd6335c3f4ce8392d69350b4fa4e2,,702,23/12/2025 9:16,24074363,23/12/2025 0:00,30000000,4.08E+25,2,0xc583b35dac907275582c4fb405b4b28055f529c7,0,0xdac17f958d2ee523a2206206994597c13d831ec7,0xc583b35dac907275582c4fb405b4b28055f529c7
0x87870bca3f3fd6335c3f4ce8392d69350b4fa4e2,0x75a97b86b7841def5926338aa44af63c4d11815a42eaf3e72045a6eff8db433c,0x51df08628041c03b109f37b49189b45f1af8c50f,0x87870bca3f3fd6335c3f4ce8392d69350b4fa4e2,,945,23/12/2025 9:27,24074413,23/12/2025 0:00,1000000000,4.08E+25,2,0x51df08628041c03b109f37b49189b45f1af8c50f,0,0xdac17f958d2ee523a2206206994597c13d831ec7,0x51df08628041c03b109f37b49189b45f1af8c50f
0x87870bca3f3fd6335c3f4ce8392d69350b4fa4e2,0xb7c5a0639337725188a5dfe689683f8969fb7ca145215d94f78e8a8fe98f3f29,0x108609aa677b7d0e5509c359d24d281322933a5f,0x87870bca3f3fd6335c3f4ce8392d69350b4fa4e2,,886,23/12/2025 9:45,24074503,23/12/2025 0:00,1200000000,4.08E+25,2,0x108609aa677b7d0e5509c359d24d281322933a5f,0,0xdac17f958d2ee523a2206206994597c13d831ec7,0x108609aa677b7d0e5509c359d24d281322933a5f
0x87870bca3f3fd6335c3f4ce8392d69350b4fa4e2,0x9f743cf41df9da82436c895186017a4fa1056d55bb598acae96259a4269c868a,0x71c636806839da6c513c748bdc61813424720cd5,0x87870bca3f3fd6335c3f4ce8392d69350b4fa4e2,,152,23/12/2025 9:42,24074489,23/12/2025 0:00,10000000000,4.08E+25,2,0x71c636806839da6c513c748bdc61813424720cd5,0,0xdac17f958d2ee523a2206206994597c13d831ec7,0x71c636806839da6c513c748bdc61813424720cd5
0x87870bca3f3fd6335c3f4ce8392d69350b4fa4e2,0xe98c1943444df7a9504778fbd18bff72682dfca154af4b88b4be1ab2ff41969b,0xdf7d0d3d199706f5b937d6763174a2c73fa75b00,0x87870bca3f3fd6335c3f4ce8392d69350b4fa4e2,,1368,23/12/2025 9:42,24074492,23/12/2025 0:00,60000000,4.08E+25,2,0xdf7d0d3d199706f5b937d6763174a2c73fa75b00,0,0xdac17f958d2ee523a2206206994597c13d831ec7,0xdf7d0d3d199706f5b937d6763174a2c73fa75b00
0x87870bca3f3fd6335c3f4ce8392d69350b4fa4e2,0xe2e69bf6b39f564b26afa5cbb8a61aa128a67e2ca017de5e50e2f471dfd1b402,0x586f2a8ef9574dcbf01403a520542686955a1044,0x87870bca3f3fd6335c3f4ce8392d69350b4fa4e2,,540,23/12/2025 9:46,24074508,23/12/2025 0:00,2550000000,4.08E+25,2,0x586f2a8ef9574dcbf01403a520542686955a1044,0,0xdac17f958d2ee523a2206206994597c13d831ec7,0x586f2a8ef9574dcbf01403a520542686955a1044
0x87870bca3f3fd6335c3f4ce8392d69350b4fa4e2,0xd23ff9cc8353f9be959cff3c95af6249183bb0e70745ed8e58cffd2664645e87,0xac836b11240e35c116d2268fd1a93a9344dc3978,0x8f5835e9d756c9bd934bce527157a4b0ef3c5cb7,,29,23/12/2025 9:49,24074526,23/12/2025 0:00,29872851516,4.08E+25,2,0x4284026af2374afb22eac4eab1c7a35fa3e6d3a1,4300,0xdac17f958d2ee523a2206206994597c13d831ec7,0xe664c6bdea0144dac2294434dcfa32dbd8dd4940
0x87870bca3f3fd6335c3f4ce8392d69350b4fa4e2,0x202b1c885ea633d43c3e9799259064ed74f46e8d9879c26a734109e3d283d8fb,0x2f5abb45c283a7e6661c205d38215b10ee6fb064,0x2f5abb45c283a7e6661c205d38215b10ee6fb064,,265,23/12/2025 9:54,24074549,23/12/2025 0:00,3743759552,4.08E+25,2,0x1898036f5dd9cf2ebd1595a6e3fc006a40a9e108,0,0xdac17f958d2ee523a2206206994597c13d831ec7,0x1898036f5dd9cf2ebd1595a6e3fc006a40a9e108
0x87870bca3f3fd6335c3f4ce8392d69350b4fa4e2,0x96385bb1f30bd03df5802e72fbc1d70d2089fa0b1060f15b9b8b6a83962da52e,0x5b64bf47fef98773f95f61960faf2156d65550cd,0x87870bca3f3fd6335c3f4ce8392d69350b4fa4e2,,79,23/12/2025 9:58,24074571,23/12/2025 0:00,1000000000,4.08E+25,2,0x5b64bf47fef98773f95f61960faf2156d65550cd,0,0xdac17f958d2ee523a2206206994597c13d831ec7,0x5b64bf47fef98773f95f61960faf2156d65550cd
0x87870bca3f3fd6335c3f4ce8392d69350b4fa4e2,0xbb9c6c0883205aac17f3f879e26c724df08aec42096c44a384853bfa334953b1,0x082e389cc029eefb97286437874c193606e323cf,0x87870bca3f3fd6335c3f4ce8392d69350b4fa4e2,,130,23/12/2025 10:03,24074595,23/12/2025 0:00,2.00E+11,4.08E+25,2,0x082e389cc029eefb97286437874c193606e323cf,0,0xdac17f958d2ee523a2206206994597c13d831ec7,0x082e389cc029eefb97286437874c193606e323cf
0x87870bca3f3fd6335c3f4ce8392d69350b4fa4e2,0xc44ceff610a54a75ccedf1e41560b505225ce076d4baabac2264a10a0e124603,0x914347b47b751f7fa34c6a608862b994d254f0f9,0x87870bca3f3fd6335c3f4ce8392d69350b4fa4e2,,186,23/12/2025 10:07,24074615,23/12/2025 0:00,2500000000,4.08E+25,2,0x914347b47b751f7fa34c6a608862b994d254f0f9,0,0xdac17f958d2ee523a2206206994597c13d831ec7,0x914347b47b751f7fa34c6a608862b994d254f0f9
0x87870bca3f3fd6335c3f4ce8392d69350b4fa4e2,0xebfe8221090be9d1714080d057d5732a0fb1842d9655b1336673003e4a364027,0xbfd596a07285c5638e59c594663157957caa56c2,0x87870bca3f3fd6335c3f4ce8392d69350b4fa4e2,,202,23/12/2025 10:08,24074622,23/12/2025 0:00,3305000000,4.08E+25,2,0xbfd596a07285c5638e59c594663157957caa56c2,0,0xdac17f958d2ee523a2206206994597c13d831ec7,0xbfd596a07285c5638e59c594663157957caa56c2
0x87870bca3f3fd6335c3f4ce8392d69350b4fa4e2,0x93a15af31b38b1d997ddfcfd0ed6281fe28c6624f7e825391d5001e2a91e0b47,0xe6c0b9f9f1064f39dcd4077e8b93d39494e9ace2,0x87870bca3f3fd6335c3f4ce8392d69350b4fa4e2,,275,23/12/2025 10:09,24074624,23/12/2025 0:00,77000000,4.08E+25,2,0xe6c0b9f9f1064f39dcd4077e8b93d39494e9ace2,0,0xdac17f958d2ee523a2206206994597c13d831ec7,0xe6c0b9f9f1064f39dcd4077e8b93d39494e9ace2
0x87870bca3f3fd6335c3f4ce8392d69350b4fa4e2,0xaa93dec6df1b15be4ffff59846ec412eb4da54a6eae5fbc1de6758c5a6d08f58,0xea35df26f76aae16bb7175695525d562efae138f,0x01fdc48ba0903bb1ae7c517c9287d88ea236f8e1,,121,23/12/2025 10:13,24074643,23/12/2025 0:00,2.50E+12,4.08E+25,2,0xc30f6ee36a1746dd71c7e81529eeae7ce2f52252,0,0xdac17f958d2ee523a2206206994597c13d831ec7,0xc30f6ee36a1746dd71c7e81529eeae7ce2f52252
0x87870bca3f3fd6335c3f4ce8392d69350b4fa4e2,0xf77c6b5e09546da5abf182ed9b186f63ff321a8d0ae623cea79d10a15658aaa1,0xea35df26f76aae16bb7175695525d562efae138f,0xea35df26f76aae16bb7175695525d562efae138f,,44,23/12/2025 10:13,24074643,23/12/2025 0:00,2.52E+12,4.08E+25,2,0xc30f6ee36a1746dd71c7e81529eeae7ce2f52252,0,0xdac17f958d2ee523a2206206994597c13d831ec7,0xc30f6ee36a1746dd71c7e81529eeae7ce2f52252
0x87870bca3f3fd6335c3f4ce8392d69350b4fa4e2,0x14c1a26ecd831f9bccae0a937a4bb49f8667cd53663611baef05e8a1e7238290,0xc5798cd00276dbfdcd85bc751f5edace052e5cdd,0xc5798cd00276dbfdcd85bc751f5edace052e5cdd,,117,23/12/2025 10:29,24074725,23/12/2025 0:00,8.60E+11,4.08E+25,2,0x1898036f5dd9cf2ebd1595a6e3fc006a40a9e108,0,0xdac17f958d2ee523a2206206994597c13d831ec7,0x1898036f5dd9cf2ebd1595a6e3fc006a40a9e108
0x87870bca3f3fd6335c3f4ce8392d69350b4fa4e2,0xe1abed3e9419180bfadf532e00ee2dfeeb2353c31a288d0f3f63a6a7f0167f3c,0x1e2e083f665580efb6eb3a5dd7cbb8032d1837a2,0x87870bca3f3fd6335c3f4ce8392d69350b4fa4e2,,113,23/12/2025 10:32,24074738,23/12/2025 0:00,2000000000,4.08E+25,2,0x1e2e083f665580efb6eb3a5dd7cbb8032d1837a2,0,0xdac17f958d2ee523a2206206994597c13d831ec7,0x1e2e083f665580efb6eb3a5dd7cbb8032d1837a2
0x87870bca3f3fd6335c3f4ce8392d69350b4fa4e2,0xb7b36ccd865111d7c310ac9206e58074c5cd2441d0b8b9141ad4084ba4eb8e57,0x4444ee1efbcfc7716754d4df119a1dbbe29934b3,0x87870bca3f3fd6335c3f4ce8392d69350b4fa4e2,,751,23/12/2025 10:43,24074790,23/12/2025 0:00,2.00E+12,4.08E+25,2,0x4444ee1efbcfc7716754d4df119a1dbbe29934b3,0,0xdac17f958d2ee523a2206206994597c13d831ec7,0x4444ee1efbcfc7716754d4df119a1dbbe29934b3
0x87870bca3f3fd6335c3f4ce8392d69350b4fa4e2,0x5e36fce2bbaa1bca459d8b0060a4b22c0752f9ef34893e6f500e1c905b9dcf1c,0xe00456d3af6e9b8715a9c29c88c1932983e064c1,0xe00456d3af6e9b8715a9c29c88c1932983e064c1,,53,23/12/2025 10:48,24074815,23/12/2025 0:00,22325741,4.07E+25,2,0x1898036f5dd9cf2ebd1595a6e3fc006a40a9e108,0,0xdac17f958d2ee523a2206206994597c13d831ec7,0x1898036f5dd9cf2ebd1595a6e3fc006a40a9e108
0x87870bca3f3fd6335c3f4ce8392d69350b4fa4e2,0x9ebf3f2323da15e6e64e08322e603bfe1a31b1d6e79ab1a15989dc8ac3081912,0x799fdb02e49c5b77fddb4b271adf11bf42dca586,0x87870bca3f3fd6335c3f4ce8392d69350b4fa4e2,,23,23/12/2025 10:49,24074824,23/12/2025 0:00,2.60E+11,4.07E+25,2,0x799fdb02e49c5b77fddb4b271adf11bf42dca586,0,0xdac17f958d2ee523a2206206994597c13d831ec7,0x799fdb02e49c5b77fddb4b271adf11bf42dca586
0x87870bca3f3fd6335c3f4ce8392d69350b4fa4e2,0xbad16246867a7fe121e4a455660b4812ec1c01ceca579c361adfacfebfc4e20b,0x9ae691e4c29d3de9becb3949456ce03dae1b7486,0x87870bca3f3fd6335c3f4ce8392d69350b4fa4e2,,601,23/12/2025 11:09,24074923,23/12/2025 0:00,6000000000,4.04E+25,2,0x9ae691e4c29d3de9becb3949456ce03dae1b7486,1608,0xdac17f958d2ee523a2206206994597c13d831ec7,0x9ae691e4c29d3de9becb3949456ce03dae1b7486
0x87870bca3f3fd6335c3f4ce8392d69350b4fa4e2,0x17973674bec5b888be86b8808905813ce945f2083d73716bc5da72ef4406ae88,0x92b75a5bfb7be7911747276ad335b8f5da3ce0f4,0x87870bca3f3fd6335c3f4ce8392d69350b4fa4e2,,182,23/12/2025 11:10,24074928,23/12/2025 0:00,3.00E+11,4.04E+25,2,0x92b75a5bfb7be7911747276ad335b8f5da3ce0f4,64,0xdac17f958d2ee523a2206206994597c13d831ec7,0x92b75a5bfb7be7911747276ad335b8f5da3ce0f4
0x87870bca3f3fd6335c3f4ce8392d69350b4fa4e2,0x821094dd65906eff05e77422e256d4c0afe6de5ef3c1828a855119bfffe6e219,0x799fdb02e49c5b77fddb4b271adf11bf42dca586,0x87870bca3f3fd6335c3f4ce8392d69350b4fa4e2,,112,23/12/2025 11:12,24074936,23/12/2025 0:00,2.60E+11,4.04E+25,2,0x799fdb02e49c5b77fddb4b271adf11bf42dca586,0,0xdac17f958d2ee523a2206206994597c13d831ec7,0x799fdb02e49c5b77fddb4b271adf11bf42dca586
0x87870bca3f3fd6335c3f4ce8392d69350b4fa4e2,0x8845801dae16e7025cfae6343ae1e379b1e9b931987c06effa3b67d325e1d4ff,0x66466428990e0f42a4c54f64bee0db6bf2336de5,0x87870bca3f3fd6335c3f4ce8392d69350b4fa4e2,,547,23/12/2025 11:12,24074939,23/12/2025 0:00,1.00E+11,4.04E+25,2,0x66466428990e0f42a4c54f64bee0db6bf2336de5,64,0xdac17f958d2ee523a2206206994597c13d831ec7,0x66466428990e0f42a4c54f64bee0db6bf2336de5
0x87870bca3f3fd6335c3f4ce8392d69350b4fa4e2,0x5571ae26e53460594b5fb7cd8ef0071bc4b9a936bd739c59603e012882ad6997,0x0b301bfb7bebde0a0fcfd331e47b62857c474f27,0x87870bca3f3fd6335c3f4ce8392d69350b4fa4e2,,65,23/12/2025 11:26,24075008,23/12/2025 0:00,265000000,4.04E+25,2,0x0b301bfb7bebde0a0fcfd331e47b62857c474f27,0,0xdac17f958d2ee523a2206206994597c13d831ec7,0x0b301bfb7bebde0a0fcfd331e47b62857c474f27
0x87870bca3f3fd6335c3f4ce8392d69350b4fa4e2,0xbc3fe8b68e82f70fc1992cd6501b58ddbf760b61f97306f21f73f516789d5ce3,0xdc1f1b10f814d1c13746fd622af25e079acf5f99,0x87870bca3f3fd6335c3f4ce8392d69350b4fa4e2,,496,23/12/2025 11:32,24075035,23/12/2025 0:00,325000000,4.03995E+25,2,0xdc1f1b10f814d1c13746fd622af25e079acf5f99,1608,0xdac17f958d2ee523a2206206994597c13d831ec7,0xdc1f1b10f814d1c13746fd622af25e079acf5f99
0x87870bca3f3fd6335c3f4ce8392d69350b4fa4e2,0xb2bdd830021713b084e656f0000f4f9b6339bcb5fa1b5ebd037a79667344e8b3,0xe00456d3af6e9b8715a9c29c88c1932983e064c1,0xe00456d3af6e9b8715a9c29c88c1932983e064c1,,15,23/12/2025 11:43,24075093,23/12/2025 0:00,14996672474,4.03998E+25,2,0x1898036f5dd9cf2ebd1595a6e3fc006a40a9e108,0,0xdac17f958d2ee523a2206206994597c13d831ec7,0x1898036f5dd9cf2ebd1595a6e3fc006a40a9e108
0x87870bca3f3fd6335c3f4ce8392d69350b4fa4e2,0x936d6d95a609efbaeb931c437055494f3d59463fbb3a06ff4fbf4493ce6851fb,0xb647055a9915bf9c8021a684e175a353525b9890,0xebd8270f0ec3ffe74f81e144c4970ff1d4d02bbc,,793,23/12/2025 11:57,24075162,23/12/2025 0:00,50000000000,4.03971E+25,2,0xebd8270f0ec3ffe74f81e144c4970ff1d4d02bbc,0,0xdac17f958d2ee523a2206206994597c13d831ec7,0xebd8270f0ec3ffe74f81e144c4970ff1d4d02bbc
0x87870bca3f3fd6335c3f4ce8392d69350b4fa4e2,0x803476cc0391461934060ac6a9bd3e5acbe90ec919952e0f1ab6aad30ba64018,0x3f686dff52f2637b60bf01b1a2ea926f422de51d,0x87870bca3f3fd6335c3f4ce8392d69350b4fa4e2,,222,23/12/2025 12:04,24075196,23/12/2025 0:00,80000000,4.03974E+25,2,0x3f686dff52f2637b60bf01b1a2ea926f422de51d,0,0xdac17f958d2ee523a2206206994597c13d831ec7,0x3f686dff52f2637b60bf01b1a2ea926f422de51d
0x87870bca3f3fd6335c3f4ce8392d69350b4fa4e2,0x484590d09c797b8a96a6c40f58369366edd013500b2b37903e563136c5e4014a,0x3db51322331ca0ae0558eaf4ac97e2ecd3dcbabe,0x87870bca3f3fd6335c3f4ce8392d69350b4fa4e2,,752,23/12/2025 12:06,24075203,23/12/2025 0:00,1457000000,4.03974E+25,2,0x3db51322331ca0ae0558eaf4ac97e2ecd3dcbabe,0,0xdac17f958d2ee523a2206206994597c13d831ec7,0x3db51322331ca0ae0558eaf4ac97e2ecd3dcbabe
0x87870bca3f3fd6335c3f4ce8392d69350b4fa4e2,0x2a9125b982a3e7ec43aee704a74872ddcdde5257736cf9255a6e3976c739d92b,0x15e30e7ee7041818435da561890175cf4a508bf3,0x87870bca3f3fd6335c3f4ce8392d69350b4fa4e2,,681,23/12/2025 12:17,24075260,23/12/2025 0:00,1000000000,4.0397E+25,2,0x15e30e7ee7041818435da561890175cf4a508bf3,0,0xdac17f958d2ee523a2206206994597c13d831ec7,0x15e30e7ee7041818435da561890175cf4a508bf3
0x87870bca3f3fd6335c3f4ce8392d69350b4fa4e2,0xd06fc2861bae872f56dcd802df9897d466d3794d72f9700b212bd19f1a5706f7,0xd848623ff315599150b582e2719f18243ddb1675,0x87870bca3f3fd6335c3f4ce8392d69350b4fa4e2,,146,23/12/2025 12:18,24075267,23/12/2025 0:00,300000000,4.0397E+25,2,0xd848623ff315599150b582e2719f18243ddb1675,0,0xdac17f958d2ee523a2206206994597c13d831ec7,0xd848623ff315599150b582e2719f18243ddb1675
0x87870bca3f3fd6335c3f4ce8392d69350b4fa4e2,0xcfc66c0768bbda8b484393029938fb36fe19edf56efb68dc3839090e38b6b559,0xdd5016368df56ba5e860a7c142d1ef4f20205221,0x87870bca3f3fd6335c3f4ce8392d69350b4fa4e2,,601,23/12/2025 12:27,24075308,23/12/2025 0:00,3000000000,4.03927E+25,2,0xdd5016368df56ba5e860a7c142d1ef4f20205221,0,0xdac17f958d2ee523a2206206994597c13d831ec7,0xdd5016368df56ba5e860a7c142d1ef4f20205221
0x87870bca3f3fd6335c3f4ce8392d69350b4fa4e2,0x291b017d0dc8d568ff588a8f5b9e209ffdc2e7a953b36e366962fde1789854cb,0xfd1043098584cbc763f4d2460aecb94dd4b6fee3,0x87870bca3f3fd6335c3f4ce8392d69350b4fa4e2,,361,23/12/2025 12:29,24075319,23/12/2025 0:00,1E+12,4.04023E+25,2,0xfd1043098584cbc763f4d2460aecb94dd4b6fee3,0,0xdac17f958d2ee523a2206206994597c13d831ec7,0xfd1043098584cbc763f4d2460aecb94dd4b6fee3
0x87870bca3f3fd6335c3f4ce8392d69350b4fa4e2,0x2dee475139f8195b08a7c7e43f4fa8bff4400f2245b90daa3f5127fca531276e,0x9892f5c3ed7990517f6422d49ede85275c1386dd,0x87870bca3f3fd6335c3f4ce8392d69350b4fa4e2,,356,23/12/2025 12:29,24075319,23/12/2025 0:00,1725000000,4.03931E+25,2,0x9892f5c3ed7990517f6422d49ede85275c1386dd,0,0xdac17f958d2ee523a2206206994597c13d831ec7,0x9892f5c3ed7990517f6422d49ede85275c1386dd
0x87870bca3f3fd6335c3f4ce8392d69350b4fa4e2,0xecd5cdc3646382f73becdb1c1f8549e633dbc66f645483395a4139bd2f89ce76,0xac8f599d034d646966f8246bd7cd70a63acd4d66,0x87870bca3f3fd6335c3f4ce8392d69350b4fa4e2,,125,23/12/2025 12:39,24075369,23/12/2025 0:00,1.5E+11,4.04039E+25,2,0xac8f599d034d646966f8246bd7cd70a63acd4d66,0,0xdac17f958d2ee523a2206206994597c13d831ec7,0xac8f599d034d646966f8246bd7cd70a63acd4d66
0x87870bca3f3fd6335c3f4ce8392d69350b4fa4e2,0x9c7b69f674da6acc48f8ca5ea7e8ff6a2a22cc7d906a89f8c6b7b4c4f2a24f78,0x654fae4aa229d104cabead47e56703f58b174be4,0x000000000035b5e5ad9019092c665357240f594e,,11,23/12/2025 12:42,24075385,23/12/2025 0:00,1.31077E+12,4.0416E+25,2,0xa7c624014699a8b537cc4b326eb65f00852ee2a3,0,0xdac17f958d2ee523a2206206994597c13d831ec7,0xa7c624014699a8b537cc4b326eb65f00852ee2a3
0x87870bca3f3fd6335c3f4ce8392d69350b4fa4e2,0x7337015947a57b4fc3e14ed256d99a58c826e555f6d85f54e070d0a529f86f4b,0x5bc1d6811accd084559a91348ad42f4e271fba03,0x87870bca3f3fd6335c3f4ce8392d69350b4fa4e2,,230,23/12/2025 12:47,24075406,23/12/2025 0:00,500000000,4.04077E+25,2,0x5bc1d6811accd084559a91348ad42f4e271fba03,0,0xdac17f958d2ee523a2206206994597c13d831ec7,0x5bc1d6811accd084559a91348ad42f4e271fba03
0x87870bca3f3fd6335c3f4ce8392d69350b4fa4e2,0x61dbec0d1abad8fa645da3940660f821cafbaee6d3f5c2d776bddfc9d8367c16,0x47175ecdfb76caf4bfaf95f79bea87e3dd4e4e68,0x87870bca3f3fd6335c3f4ce8392d69350b4fa4e2,,102,23/12/2025 12:50,24075422,23/12/2025 0:00,200000000,4.04076E+25,2,0x47175ecdfb76caf4bfaf95f79bea87e3dd4e4e68,0,0xdac17f958d2ee523a2206206994597c13d831ec7,0x47175ecdfb76caf4bfaf95f79bea87e3dd4e4e68
0x87870bca3f3fd6335c3f4ce8392d69350b4fa4e2,0xf16254e17b49bec5ddebf170ec96b9187c328d7b617050520e6843133dde90b9,0xa8fc8df920a3f1ea7cac455b14eaf5680533bdc9,0x87870bca3f3fd6335c3f4ce8392d69350b4fa4e2,,831,23/12/2025 12:57,24075457,23/12/2025 0:00,3000000000,4.041E+25,2,0xa8fc8df920a3f1ea7cac455b14eaf5680533bdc9,0,0xdac17f958d2ee523a2206206994597c13d831ec7,0xa8fc8df920a3f1ea7cac455b14eaf5680533bdc9
0x87870bca3f3fd6335c3f4ce8392d69350b4fa4e2,0x7b0b6158077f34f35059c9a5bbedf95042eb663edf3a3b24a6ec95cf8130a742,0x15cad41e6bdcadc7121ce65080489c92cf6de398,0xacb7027f271b03b502d65feba617a0d817d62b8e,,491,23/12/2025 12:57,24075456,23/12/2025 0:00,2E+11,4.041E+25,2,0x91eda28735ce089a8b5133476263c3fb8303c8ca,0,0xdac17f958d2ee523a2206206994597c13d831ec7,0x91eda28735ce089a8b5133476263c3fb8303c8ca
0x87870bca3f3fd6335c3f4ce8392d69350b4fa4e2,0x3b9d753c5a36788c330526bf475ccd2597e4ce935836ebc4f5aaa1b3eb304561,0x919d1a5c82ef275d87819052379a6d01050ae210,0x87870bca3f3fd6335c3f4ce8392d69350b4fa4e2,,486,23/12/2025 12:56,24075451,23/12/2025 0:00,10000000000,4.04081E+25,2,0x919d1a5c82ef275d87819052379a6d01050ae210,0,0xdac17f958d2ee523a2206206994597c13d831ec7,0x919d1a5c82ef275d87819052379a6d01050ae210
0x87870bca3f3fd6335c3f4ce8392d69350b4fa4e2,0x7fad0ce1ca9387fe18413e7babc69976b3d4cf5bcd7b6f60eeb7583e965d5df7,0x6ab759c8bd8e2755123ca5f642a2f3484040d8a9,0x87870bca3f3fd6335c3f4ce8392d69350b4fa4e2,,129,23/12/2025 12:59,24075467,23/12/2025 0:00,8000000000,4.04102E+25,2,0x6ab759c8bd8e2755123ca5f642a2f3484040d8a9,0,0xdac17f958d2ee523a2206206994597c13d831ec7,0x6ab759c8bd8e2755123ca5f642a2f3484040d8a9
0x87870bca3f3fd6335c3f4ce8392d69350b4fa4e2,0xb56f6642e9db2a95677bf73c2565cd11f3241a9595b3815f555ae065e4732925,0x36b8cc6d5c4afca2f1eff6c3696f23cb1d965a85,0x87870bca3f3fd6335c3f4ce8392d69350b4fa4e2,,179,23/12/2025 13:01,24075480,23/12/2025 0:00,10000000,4.041E+25,2,0x36b8cc6d5c4afca2f1eff6c3696f23cb1d965a85,0,0xdac17f958d2ee523a2206206994597c13d831ec7,0x36b8cc6d5c4afca2f1eff6c3696f23cb1d965a85
0x87870bca3f3fd6335c3f4ce8392d69350b4fa4e2,0x42b1dfa3d48761303197ef6e4b7a23295c5bf3105da0b8a039179fa9b5bda730,0x3f330007f896148c3525cbf2e484da7521c90587,0x87870bca3f3fd6335c3f4ce8392d69350b4fa4e2,,172,23/12/2025 13:04,24075492,23/12/2025 0:00,1250000000,4.041E+25,2,0x3f330007f896148c3525cbf2e484da7521c90587,0,0xdac17f958d2ee523a2206206994597c13d831ec7,0x3f330007f896148c3525cbf2e484da7521c90587
0x87870bca3f3fd6335c3f4ce8392d69350b4fa4e2,0xfc86577cdd2188b09e21791908fb948a3fd2c2afcf162e73e598f1c08d4fe8be,0x9262737cbbd3b7226aa3b25c1c4d7ad251b3e028,0x87870bca3f3fd6335c3f4ce8392d69350b4fa4e2,,53,23/12/2025 13:02,24075485,23/12/2025 0:00,8000000000,4.041E+25,2,0x9262737cbbd3b7226aa3b25c1c4d7ad251b3e028,0,0xdac17f958d2ee523a2206206994597c13d831ec7,0x9262737cbbd3b7226aa3b25c1c4d7ad251b3e028
0x87870bca3f3fd6335c3f4ce8392d69350b4fa4e2,0x26b4a4160451fa70c61dc122aa8a82bbe072a688727c330c05b42db18aea34d0,0x5c632bf74fb0e52d04b03ab15a18bd607100fa52,0x87870bca3f3fd6335c3f4ce8392d69350b4fa4e2,,56,23/12/2025 13:09,24075516,23/12/2025 0:00,15200000000,4.04129E+25,2,0x5c632bf74fb0e52d04b03ab15a18bd607100fa52,0,0xdac17f958d2ee523a2206206994597c13d831ec7,0x5c632bf74fb0e52d04b03ab15a18bd607100fa52
0x87870bca3f3fd6335c3f4ce8392d69350b4fa4e2,0xc614e7c8f9551407cc2b3347ddf9f56b9b05a85df5934dd2876407026ea54bd9,0x0f1b4a5ccc852a611155c25a42152c4fe6601999,0x87870bca3f3fd6335c3f4ce8392d69350b4fa4e2,,108,23/12/2025 13:12,24075531,23/12/2025 0:00,10000000000,4.04129E+25,2,0x0f1b4a5ccc852a611155c25a42152c4fe6601999,0,0xdac17f958d2ee523a2206206994597c13d831ec7,0x0f1b4a5ccc852a611155c25a42152c4fe6601999
0x87870bca3f3fd6335c3f4ce8392d69350b4fa4e2,0xb5956587d993bc18709063b0e63f48bbc7ac3acbbc80f6083aeda6666edd25a1,0xa87cb885ee667466c9551deb4fbca0f0598b2fb4,0x87870bca3f3fd6335c3f4ce8392d69350b4fa4e2,,744,23/12/2025 13:14,24075541,23/12/2025 0:00,57600000000,4.04166E+25,2,0xa87cb885ee667466c9551deb4fbca0f0598b2fb4,0,0xdac17f958d2ee523a2206206994597c13d831ec7,0xa87cb885ee667466c9551deb4fbca0f0598b2fb4
0x87870bca3f3fd6335c3f4ce8392d69350b4fa4e2,0xc43fdf073eadc4c4a3b3bae2f505d581e61ebde8acb83e98c5da543f1bb02c19,0x36b8cc6d5c4afca2f1eff6c3696f23cb1d965a85,0x87870bca3f3fd6335c3f4ce8392d69350b4fa4e2,,58,23/12/2025 13:13,24075536,23/12/2025 0:00,11250000,4.04129E+25,2,0x36b8cc6d5c4afca2f1eff6c3696f23cb1d965a85,0,0xdac17f958d2ee523a2206206994597c13d831ec7,0x36b8cc6d5c4afca2f1eff6c3696f23cb1d965a85
0x87870bca3f3fd6335c3f4ce8392d69350b4fa4e2,0xece7c4be224ce373916b49e4e05f39fab3dd698fca72e9ec1604f540eee234fb,0x596fc21e6421e3925d93b922aae00fc53d7cf3da,0x87870bca3f3fd6335c3f4ce8392d69350b4fa4e2,,103,23/12/2025 13:15,24075549,23/12/2025 0:00,2000000000,4.04184E+25,2,0x596fc21e6421e3925d93b922aae00fc53d7cf3da,0,0xdac17f958d2ee523a2206206994597c13d831ec7,0x596fc21e6421e3925d93b922aae00fc53d7cf3da
0x87870bca3f3fd6335c3f4ce8392d69350b4fa4e2,0x0e6a71275cc4697b95d2e4b5ced018459495b3c3bee127deda500af403ffa959,0xdd9bd62d1c08210fdda6f841ed5196b45a939625,0x87870bca3f3fd6335c3f4ce8392d69350b4fa4e2,,85,23/12/2025 13:15,24075548,23/12/2025 0:00,2E+11,4.04184E+25,2,0xdd9bd62d1c08210fdda6f841ed5196b45a939625,0,0xdac17f958d2ee523a2206206994597c13d831ec7,0xdd9bd62d1c08210fdda6f841ed5196b45a939625
0x87870bca3f3fd6335c3f4ce8392d69350b4fa4e2,0xb593993fdca39cd97101c0d2cb679044cb6119285cbb08f9e0348c30aa6a7f8a,0x36b8cc6d5c4afca2f1eff6c3696f23cb1d965a85,0x87870bca3f3fd6335c3f4ce8392d69350b4fa4e2,,177,23/12/2025 13:17,24075559,23/12/2025 0:00,50000000000,4.03948E+25,2,0x36b8cc6d5c4afca2f1eff6c3696f23cb1d965a85,0,0xdac17f958d2ee523a2206206994597c13d831ec7,0x36b8cc6d5c4afca2f1eff6c3696f23cb1d965a85
0x87870bca3f3fd6335c3f4ce8392d69350b4fa4e2,0x82e6383251f4e04e802b7f4a5756ab1f089bda8c08f1e7903031b6a407a8e6e1,0x1e6153fce04fa9802a4b25844ce170e68a29728d,0x87870bca3f3fd6335c3f4ce8392d69350b4fa4e2,,4,23/12/2025 13:19,24075566,23/12/2025 0:00,56960000,4.03948E+25,2,0x1e6153fce04fa9802a4b25844ce170e68a29728d,0,0xdac17f958d2ee523a2206206994597c13d831ec7,0x1e6153fce04fa9802a4b25844ce170e68a29728d
0x87870bca3f3fd6335c3f4ce8392d69350b4fa4e2,0x03a0ca633292cabcd8fd9444daba54b15b680f10d5fa8fc53829788f9734e108,0x057a1558a67c10f2b11f7f936e58fcdec8113af9,0x87870bca3f3fd6335c3f4ce8392d69350b4fa4e2,,358,23/12/2025 13:20,24075571,23/12/2025 0:00,713410465,4.03944E+25,2,0x057a1558a67c10f2b11f7f936e58fcdec8113af9,0,0xdac17f958d2ee523a2206206994597c13d831ec7,0x057a1558a67c10f2b11f7f936e58fcdec8113af9
0x87870bca3f3fd6335c3f4ce8392d69350b4fa4e2,0x0e56d13cb23530b332dae32b6c799d75ebf4a9812c3e406bc829dacec0609dc2,0x6d2baa30b9c2d2964098392a700dca169502fe20,0x9865f79bb187e81bccb8d3d10d314b9ae4e1ed3b,,114,23/12/2025 13:20,24075570,23/12/2025 0:00,79090690,4.03944E+25,2,0x1d86fbad389068e19fa665eba12a0ebd4c68bb08,0,0xdac17f958d2ee523a2206206994597c13d831ec7,0x1d86fbad389068e19fa665eba12a0ebd4c68bb08
0x87870bca3f3fd6335c3f4ce8392d69350b4fa4e2,0x2e0fd5e26a41901dc6b503f3dda549ada12486648c3a4c363b03430f2b1e77c5,0xeef050313a00f940f5e8c27b63b8e0858073e76e,0x87870bca3f3fd6335c3f4ce8392d69350b4fa4e2,,116,23/12/2025 13:26,24075601,23/12/2025 0:00,1E+11,4.03946E+25,2,0xeef050313a00f940f5e8c27b63b8e0858073e76e,0,0xdac17f958d2ee523a2206206994597c13d831ec7,0xeef050313a00f940f5e8c27b63b8e0858073e76e
0x87870bca3f3fd6335c3f4ce8392d69350b4fa4e2,0xd78f837392259b1ecdd3bb7ce71a48d3bbe6a2d87df7b6687ba06ad214f0b5c1,0xec6dcbfc77a27fd481eacd8e9c505cabb71289a9,0x87870bca3f3fd6335c3f4ce8392d69350b4fa4e2,,309,23/12/2025 13:29,24075616,23/12/2025 0:00,3000000000,4.03946E+25,2,0xec6dcbfc77a27fd481eacd8e9c505cabb71289a9,0,0xdac17f958d2ee523a2206206994597c13d831ec7,0xec6dcbfc77a27fd481eacd8e9c505cabb71289a9
0x87870bca3f3fd6335c3f4ce8392d69350b4fa4e2,0xdbb2630a10540249aa72da65e37e6df2cca29f068c29aef27888dcd99a7ae4da,0xcde2ff832d051d37221cee1aab341564c3a7aaf4,0x87870bca3f3fd6335c3f4ce8392d69350b4fa4e2,,15,23/12/2025 13:30,24075624,23/12/2025 0:00,15000000,4.03946E+25,2,0xcde2ff832d051d37221cee1aab341564c3a7aaf4,0,0xdac17f958d2ee523a2206206994597c13d831ec7,0xcde2ff832d051d37221cee1aab341564c3a7aaf4
0x87870bca3f3fd6335c3f4ce8392d69350b4fa4e2,0xef3c1c1c2c03d983aa0f78206ef784872b5511a772e06ceb9044ac61bf7c924c,0x6b063481f8216b5624ec496dd72376bef00faffd,0xa9d635ef85bc37eb9ff9d6165481ea230ed32392,,40,23/12/2025 13:30,24075623,23/12/2025 0:00,987720969,4.03946E+25,2,0xb74e9387b18bd584d0410ba8794c8ab10ea4bd9f,4300,0xdac17f958d2ee523a2206206994597c13d831ec7,0x972e6e16196e8f74f2f075caff9fb5bce297c53f
0x87870bca3f3fd6335c3f4ce8392d69350b4fa4e2,0x8e3e6f72d42b667767519a6b3eca13230424d85111ef16671672966f484219fa,0xe77ff29c1031c2e2e129c3f3898cd16eda2c06c5,0x87870bca3f3fd6335c3f4ce8392d69350b4fa4e2,,776,23/12/2025 13:33,24075639,23/12/2025 0:00,40000000000,4.0395E+25,2,0xe77ff29c1031c2e2e129c3f3898cd16eda2c06c5,0,0xdac17f958d2ee523a2206206994597c13d831ec7,0xe77ff29c1031c2e2e129c3f3898cd16eda2c06c5
0x87870bca3f3fd6335c3f4ce8392d69350b4fa4e2,0x7e493bf6609a40b418194419d305caca313f6866f6f4dc1eed6408f6ee40f35c,0x654fae4aa229d104cabead47e56703f58b174be4,0x000000000035b5e5ad9019092c665357240f594e,,85,23/12/2025 13:55,24075748,23/12/2025 0:00,57268556364,4.04728E+25,2,0xa7c624014699a8b537cc4b326eb65f00852ee2a3,0,0xdac17f958d2ee523a2206206994597c13d831ec7,0xa7c624014699a8b537cc4b326eb65f00852ee2a3
0x87870bca3f3fd6335c3f4ce8392d69350b4fa4e2,0xe6a2a5b560b255946f233ce77030d654fd410951316ea41cd3ea8378b8898929,0x654fae4aa229d104cabead47e56703f58b174be4,0x000000000035b5e5ad9019092c665357240f594e,,11,23/12/2025 13:55,24075746,23/12/2025 0:00,67263028388,4.04729E+25,2,0xa7c624014699a8b537cc4b326eb65f00852ee2a3,0,0xdac17f958d2ee523a2206206994597c13d831ec7,0xa7c624014699a8b537cc4b326eb65f00852ee2a3
0x87870bca3f3fd6335c3f4ce8392d69350b4fa4e2,0xd0faa729b0b7d13cf0f8146a56fcea99fa89808fd15045f537812f073ed0366e,0x7df2100eebbafc3d4639934d83a85ada6502d57a,0x87870bca3f3fd6335c3f4ce8392d69350b4fa4e2,,123,23/12/2025 14:13,24075834,23/12/2025 0:00,60000000,4.04743E+25,2,0x7df2100eebbafc3d4639934d83a85ada6502d57a,0,0xdac17f958d2ee523a2206206994597c13d831ec7,0x7df2100eebbafc3d4639934d83a85ada6502d57a
0x87870bca3f3fd6335c3f4ce8392d69350b4fa4e2,0xbb2ddd76115edf97370ac772e0b359fb37062ff0d4b215a1876bc78e1e2f0efa,0x9dbc5e35a2f1a6dc214bdb7ed7a8c706d77f0a74,0x87870bca3f3fd6335c3f4ce8392d69350b4fa4e2,,108,23/12/2025 14:16,24075851,23/12/2025 0:00,25000000000,4.04742E+25,2,0x9dbc5e35a2f1a6dc214bdb7ed7a8c706d77f0a74,0,0xdac17f958d2ee523a2206206994597c13d831ec7,0x9dbc5e35a2f1a6dc214bdb7ed7a8c706d77f0a74
0x87870bca3f3fd6335c3f4ce8392d69350b4fa4e2,0x79dde1447d2fe9bd14f00115203c3a5c081023f45351527a7d3b0ea3b0e243f5,0x5c632bf74fb0e52d04b03ab15a18bd607100fa52,0x87870bca3f3fd6335c3f4ce8392d69350b4fa4e2,,121,23/12/2025 14:19,24075867,23/12/2025 0:00,7000000000,4.04743E+25,2,0x5c632bf74fb0e52d04b03ab15a18bd607100fa52,0,0xdac17f958d2ee523a2206206994597c13d831ec7,0x5c632bf74fb0e52d04b03ab15a18bd607100fa52
0x87870bca3f3fd6335c3f4ce8392d69350b4fa4e2,0x1cfbe77c4edf6e48fe08e9c641b085efb10b08d3151bb717c230684279b67268,0x82258cb9146f67ac32ccc1654b069de36b772016,0x87870bca3f3fd6335c3f4ce8392d69350b4fa4e2,,126,23/12/2025 14:20,24075873,23/12/2025 0:00,400000000,4.05509E+25,2,0x82258cb9146f67ac32ccc1654b069de36b772016,0,0xdac17f958d2ee523a2206206994597c13d831ec7,0x82258cb9146f67ac32ccc1654b069de36b772016
0x87870bca3f3fd6335c3f4ce8392d69350b4fa4e2,0xe69730869903ca2fbcda6afbe191e738ff7108aadbb2247a554709035ae3f213,0xa5b662f5cc0bf744626aff5f260e541f94265c35,0x87870bca3f3fd6335c3f4ce8392d69350b4fa4e2,,148,23/12/2025 14:26,24075898,23/12/2025 0:00,62799260006,4.05664E+25,2,0xa5b662f5cc0bf744626aff5f260e541f94265c35,0,0xdac17f958d2ee523a2206206994597c13d831ec7,0xa5b662f5cc0bf744626aff5f260e541f94265c35
0x87870bca3f3fd6335c3f4ce8392d69350b4fa4e2,0x9264d844a923e27f6b3fefdfcdd97d9bfbc4355242fa23e80eb0f8fb30327259,0xd71f4423e097888af07e2ceac0e71b9a43f64a1f,0x87870bca3f3fd6335c3f4ce8392d69350b4fa4e2,,158,23/12/2025 14:25,24075896,23/12/2025 0:00,7000000000,4.05659E+25,2,0xd71f4423e097888af07e2ceac0e71b9a43f64a1f,0,0xdac17f958d2ee523a2206206994597c13d831ec7,0xd71f4423e097888af07e2ceac0e71b9a43f64a1f
0x87870bca3f3fd6335c3f4ce8392d69350b4fa4e2,0x966a4fca783d683cb54906b572b35f8eb582a5865983109afc2a0ecdbdb2295d,0xf4766c366f15ab0f338ecc9bef49bbaac13649a6,0x87870bca3f3fd6335c3f4ce8392d69350b4fa4e2,,240,23/12/2025 14:26,24075901,23/12/2025 0:00,66857261705,4.05671E+25,2,0xf4766c366f15ab0f338ecc9bef49bbaac13649a6,0,0xdac17f958d2ee523a2206206994597c13d831ec7,0xf4766c366f15ab0f338ecc9bef49bbaac13649a6
0x87870bca3f3fd6335c3f4ce8392d69350b4fa4e2,0xc9640bfb77b007523b517b9e3bf95ee8843260d6af3c3e03e7b302b3e92589f9,0xabbd3aa25edd4ef46ebc3c3e435244cbe30005c1,0x87870bca3f3fd6335c3f4ce8392d69350b4fa4e2,,576,23/12/2025 14:33,24075934,23/12/2025 0:00,56000000000,4.05626E+25,2,0xabbd3aa25edd4ef46ebc3c3e435244cbe30005c1,0,0xdac17f958d2ee523a2206206994597c13d831ec7,0xabbd3aa25edd4ef46ebc3c3e435244cbe30005c1
0x87870bca3f3fd6335c3f4ce8392d69350b4fa4e2,0xcf39dfacd3b1247079583b8f6b52a233e267087563a0d5f6fcb82c57b30775f0,0xcde2ff832d051d37221cee1aab341564c3a7aaf4,0x87870bca3f3fd6335c3f4ce8392d69350b4fa4e2,,23,23/12/2025 14:33,24075935,23/12/2025 0:00,8000000000,4.05627E+25,2,0xcde2ff832d051d37221cee1aab341564c3a7aaf4,0,0xdac17f958d2ee523a2206206994597c13d831ec7,0xcde2ff832d051d37221cee1aab341564c3a7aaf4
0x87870bca3f3fd6335c3f4ce8392d69350b4fa4e2,0xcb6c9fba72610d594a710783128336a8d7e8aabdceef153828f17dcc44ebdfd8,0x7fb4620dfff2178a50dd611a7e7cd8f661806b50,0x87870bca3f3fd6335c3f4ce8392d69350b4fa4e2,,651,23/12/2025 14:39,24075967,23/12/2025 0:00,2.5E+11,4.05635E+25,2,0x7fb4620dfff2178a50dd611a7e7cd8f661806b50,0,0xdac17f958d2ee523a2206206994597c13d831ec7,0x7fb4620dfff2178a50dd611a7e7cd8f661806b50
0x87870bca3f3fd6335c3f4ce8392d69350b4fa4e2,0x0a14712741fce165722dc9069dfc984fce3e6d49458421d917fd5e9334e7b254,0x96e721def4b688e0a9316ef01cd7fafa8ca41e7d,0x87870bca3f3fd6335c3f4ce8392d69350b4fa4e2,,363,23/12/2025 14:49,24076016,23/12/2025 0:00,200000000,4.05632E+25,2,0x96e721def4b688e0a9316ef01cd7fafa8ca41e7d,0,0xdac17f958d2ee523a2206206994597c13d831ec7,0x96e721def4b688e0a9316ef01cd7fafa8ca41e7d
0x87870bca3f3fd6335c3f4ce8392d69350b4fa4e2,0x3004d100f7313141e388294a47a9cff1537df45edc2c91243f161cb4eb3e2c0a,0x642b67a437dbffbdf350c0cf6ca19d5bc3d47cf2,0x87870bca3f3fd6335c3f4ce8392d69350b4fa4e2,,337,23/12/2025 15:02,24076078,23/12/2025 0:00,10000000000,4.07376E+25,2,0x642b67a437dbffbdf350c0cf6ca19d5bc3d47cf2,0,0xdac17f958d2ee523a2206206994597c13d831ec7,0x642b67a437dbffbdf350c0cf6ca19d5bc3d47cf2
0x87870bca3f3fd6335c3f4ce8392d69350b4fa4e2,0x4e6e6f31f2ec5784b9e1a6621242076205116a0bf6a5faa40bc5ef86521a2148,0x773c95b41feaf2072e59d2f89af5751fc0d2b518,0x87870bca3f3fd6335c3f4ce8392d69350b4fa4e2,,221,23/12/2025 15:04,24076087,23/12/2025 0:00,11200000000,4.07315E+25,2,0x773c95b41feaf2072e59d2f89af5751fc0d2b518,0,0xdac17f958d2ee523a2206206994597c13d831ec7,0x773c95b41feaf2072e59d2f89af5751fc0d2b518
0x87870bca3f3fd6335c3f4ce8392d69350b4fa4e2,0x0873de27b7e0a80236827be3eb24b0259b5ea55e3acbcce61c754013bd50ba14,0x26d5adaa51702f170a5f7978f7bb385f19653aee,0x87870bca3f3fd6335c3f4ce8392d69350b4fa4e2,,683,23/12/2025 15:05,24076092,23/12/2025 0:00,400000000,4.0731E+25,2,0x26d5adaa51702f170a5f7978f7bb385f19653aee,0,0xdac17f958d2ee523a2206206994597c13d831ec7,0x26d5adaa51702f170a5f7978f7bb385f19653aee
0x87870bca3f3fd6335c3f4ce8392d69350b4fa4e2,0x2ef2450206c1ede492d5ed56445e0c0742b45f7f866642e55a3a9c0860b6e9bb,0xd8349e874934593c85eafa8e534b495d80848e41,0xd8349e874934593c85eafa8e534b495d80848e41,,120,23/12/2025 15:09,24076115,23/12/2025 0:00,94057709640,4.07316E+25,2,0x1898036f5dd9cf2ebd1595a6e3fc006a40a9e108,0,0xdac17f958d2ee523a2206206994597c13d831ec7,0x1898036f5dd9cf2ebd1595a6e3fc006a40a9e108
0x87870bca3f3fd6335c3f4ce8392d69350b4fa4e2,0xbc42c4df8a4868c6bb871c02ac945f76aab06c65415655b7da032512b0fe25a0,0xc8ad355c8291cbd52e738ed1df1f5ccbbbbf00ee,0xa9d635ef85bc37eb9ff9d6165481ea230ed32392,,126,23/12/2025 15:11,24076124,23/12/2025 0:00,7930695970,4.06683E+25,2,0xa4adc1bf7a9364ae3e50d3443998138f786ec6e1,4300,0xdac17f958d2ee523a2206206994597c13d831ec7,0x6ea33bb32ab8d5fff33257405cd697ca5cd20a3f
0x87870bca3f3fd6335c3f4ce8392d69350b4fa4e2,0x5f64f15bd06df9291f476e416cf59896411860bd5ca05adc4b7641f06628fa09,0x8b879d2292971353e7ff8f43f31f83b3ff0cf139,0x797406096b456d5d7c5ae85df36f6c23ede4cb1a,,200,23/12/2025 15:12,24076127,23/12/2025 0:00,7550000000,4.06683E+25,2,0x797406096b456d5d7c5ae85df36f6c23ede4cb1a,0,0xdac17f958d2ee523a2206206994597c13d831ec7,0x797406096b456d5d7c5ae85df36f6c23ede4cb1a
0x87870bca3f3fd6335c3f4ce8392d69350b4fa4e2,0xd47e9b8f60b7e75273258afcdf42dee7aaf5ad6aecc6a1394614ab81341413ce,0x572eef8334c35936b80c724bbb0b01336bed36bd,0x87870bca3f3fd6335c3f4ce8392d69350b4fa4e2,,140,23/12/2025 15:16,24076148,23/12/2025 0:00,9993000000,4.06674E+25,2,0x572eef8334c35936b80c724bbb0b01336bed36bd,0,0xdac17f958d2ee523a2206206994597c13d831ec7,0x572eef8334c35936b80c724bbb0b01336bed36bd
0x87870bca3f3fd6335c3f4ce8392d69350b4fa4e2,0xe7dac297a118a64396bd1b771e933b6a90fe79bb33b90852c74da3f42edcdc61,0x54b338e6cfd605dad2264b96b0a730fb2bdca9e4,0x87870bca3f3fd6335c3f4ce8392d69350b4fa4e2,,145,23/12/2025 15:20,24076171,23/12/2025 0:00,3.1E+11,4.06517E+25,2,0x54b338e6cfd605dad2264b96b0a730fb2bdca9e4,0,0xdac17f958d2ee523a2206206994597c13d831ec7,0x54b338e6cfd605dad2264b96b0a730fb2bdca9e4
0x87870bca3f3fd6335c3f4ce8392d69350b4fa4e2,0x58b0150bd8a88bcda1af58388e6b82d87db49584179264da72e9c21a4e391ffb,0xf508c2a6fb36f8e8323c60bd175d8ed1a3513a87,0x87870bca3f3fd6335c3f4ce8392d69350b4fa4e2,,48,23/12/2025 15:19,24076162,23/12/2025 0:00,14981000000,4.06498E+25,2,0xf508c2a6fb36f8e8323c60bd175d8ed1a3513a87,0,0xdac17f958d2ee523a2206206994597c13d831ec7,0xf508c2a6fb36f8e8323c60bd175d8ed1a3513a87
0x87870bca3f3fd6335c3f4ce8392d69350b4fa4e2,0x4fe8a6e1abec4a29df155c91f4996b509491907c6b409d0aba566054a743465e,0x8066df51d781595c29bb3ce3d359560b9240e559,0x87870bca3f3fd6335c3f4ce8392d69350b4fa4e2,,486,23/12/2025 15:20,24076169,23/12/2025 0:00,53000000000,4.06506E+25,2,0x8066df51d781595c29bb3ce3d359560b9240e559,0,0xdac17f958d2ee523a2206206994597c13d831ec7,0x8066df51d781595c29bb3ce3d359560b9240e559
0x87870bca3f3fd6335c3f4ce8392d69350b4fa4e2,0x23adfa4638f19449305b8f985cef5d3078c92cf4a1734f130d010551d224bf80,0xac5afba6a6b8e0c9274cadf1a73ccd835c7557d5,0x87870bca3f3fd6335c3f4ce8392d69350b4fa4e2,,145,23/12/2025 15:21,24076175,23/12/2025 0:00,45000000000,4.06525E+25,2,0xac5afba6a6b8e0c9274cadf1a73ccd835c7557d5,0,0xdac17f958d2ee523a2206206994597c13d831ec7,0xac5afba6a6b8e0c9274cadf1a73ccd835c7557d5
0x87870bca3f3fd6335c3f4ce8392d69350b4fa4e2,0x78431e81a7b7d8010d78ff9b41301fab8ea52f2f646be5400ebdefe0d51f9fc6,0x67c9cc4af1bd9ec25d004d5c94d360009fab163c,0xa9d635ef85bc37eb9ff9d6165481ea230ed32392,,96,23/12/2025 15:24,24076189,23/12/2025 0:00,8127953006,4.06515E+25,2,0xa4adc1bf7a9364ae3e50d3443998138f786ec6e1,4300,0xdac17f958d2ee523a2206206994597c13d831ec7,0x72f34baeb7a9ef6e2ab34a21edad9be5d2577209
0x87870bca3f3fd6335c3f4ce8392d69350b4fa4e2,0xc90978cfe53eb9dfe6b02d1919245a36b595945300afaf6e56efb5aa7b566272,0xdc1f1b10f814d1c13746fd622af25e079acf5f99,0x87870bca3f3fd6335c3f4ce8392d69350b4fa4e2,,539,23/12/2025 15:28,24076211,23/12/2025 0:00,461000000,4.06514E+25,2,0xdc1f1b10f814d1c13746fd622af25e079acf5f99,1608,0xdac17f958d2ee523a2206206994597c13d831ec7,0xdc1f1b10f814d1c13746fd622af25e079acf5f99
0x87870bca3f3fd6335c3f4ce8392d69350b4fa4e2,0x8245899f3a96a6175f505820ae9c088f30416f8e4b87c27a3eaa73201b3ebf8c,0x2eff0f98d6a4e40c2175499437848138ff475386,0x87870bca3f3fd6335c3f4ce8392d69350b4fa4e2,,135,23/12/2025 15:33,24076236,23/12/2025 0:00,500000000,4.0652E+25,2,0x2eff0f98d6a4e40c2175499437848138ff475386,0,0xdac17f958d2ee523a2206206994597c13d831ec7,0x2eff0f98d6a4e40c2175499437848138ff475386
0x87870bca3f3fd6335c3f4ce8392d69350b4fa4e2,0x2d2b15f08b714b1cca5e2b9e7c1ea90fb61280dd40459ef1009fac83e69738ec,0xb224c89fa9a45ae436f14b130433217627b0795b,0xd7c747c2e9975f6c9e6024d21f05a79448717af6,,81,23/12/2025 15:35,24076243,23/12/2025 0:00,5000000000,4.06549E+25,2,0xd7c747c2e9975f6c9e6024d21f05a79448717af6,0,0xdac17f958d2ee523a2206206994597c13d831ec7,0xd7c747c2e9975f6c9e6024d21f05a79448717af6
0x87870bca3f3fd6335c3f4ce8392d69350b4fa4e2,0x17e52dff82cda131e9782ee91f9a02776c4eedecf909b67125e61e15422173f9,0xd95073da1d2e1acd41270dc08ed0216bcb839723,0x87870bca3f3fd6335c3f4ce8392d69350b4fa4e2,,232,23/12/2025 15:34,24076241,23/12/2025 0:00,75000000,4.06517E+25,2,0xd95073da1d2e1acd41270dc08ed0216bcb839723,0,0xdac17f958d2ee523a2206206994597c13d831ec7,0xd95073da1d2e1acd41270dc08ed0216bcb839723
0x87870bca3f3fd6335c3f4ce8392d69350b4fa4e2,0xff181f70ba4ee05d2e2bb011347a5054a69eee764231e9e2008e84229f411473,0x885de0a52b6b60fb88b9ca76f4242fd084113078,0x87870bca3f3fd6335c3f4ce8392d69350b4fa4e2,,451,23/12/2025 15:39,24076266,23/12/2025 0:00,17000000000,4.06579E+25,2,0x885de0a52b6b60fb88b9ca76f4242fd084113078,0,0xdac17f958d2ee523a2206206994597c13d831ec7,0x885de0a52b6b60fb88b9ca76f4242fd084113078
0x87870bca3f3fd6335c3f4ce8392d69350b4fa4e2,0x9cb6d76f62c89348b57814240822026eb4e6f0e0e2f5a49b54dcddde6e6699d4,0x30ce121ad8fe06f2d4491dc37c3134f9d01d21ca,0x87870bca3f3fd6335c3f4ce8392d69350b4fa4e2,,734,23/12/2025 15:40,24076268,23/12/2025 0:00,12315840589,4.06578E+25,2,0x30ce121ad8fe06f2d4491dc37c3134f9d01d21ca,0,0xdac17f958d2ee523a2206206994597c13d831ec7,0x30ce121ad8fe06f2d4491dc37c3134f9d01d21ca
0x87870bca3f3fd6335c3f4ce8392d69350b4fa4e2,0x1e29378be157c3fac30dee8ddfb76c83f2791469e515d52fe25e6d0494316c81,0x6b063481f8216b5624ec496dd72376bef00faffd,0xa9d635ef85bc37eb9ff9d6165481ea230ed32392,,162,23/12/2025 15:42,24076281,23/12/2025 0:00,3992050710,4.06578E+25,2,0x1676796dcfeae930ecb20f05c0e8408f7036e425,4300,0xdac17f958d2ee523a2206206994597c13d831ec7,0xc21836b17619ded9a78f5244b13d36083e223ffb
0x87870bca3f3fd6335c3f4ce8392d69350b4fa4e2,0x8dfd695dc10f30a837d67a2717c367705841785232919068befcc294262624d6,0x5ca7e5a296fa76210d8a7556952bce5a21bd8212,0x87870bca3f3fd6335c3f4ce8392d69350b4fa4e2,,455,23/12/2025 15:45,24076294,23/12/2025 0:00,13000000000,4.0658E+25,2,0x5ca7e5a296fa76210d8a7556952bce5a21bd8212,0,0xdac17f958d2ee523a2206206994597c13d831ec7,0x5ca7e5a296fa76210d8a7556952bce5a21bd8212
0x87870bca3f3fd6335c3f4ce8392d69350b4fa4e2,0x756a595457371be84d8ce6b19f9fb3ff1720ab537d1fcf3e73173c5fee8673bc,0xa567d32be56b25ba07df3b918f07d3f67bfa36fb,0x87870bca3f3fd6335c3f4ce8392d69350b4fa4e2,,365,23/12/2025 15:56,24076351,23/12/2025 0:00,400000000,4.07497E+25,2,0xa567d32be56b25ba07df3b918f07d3f67bfa36fb,0,0xdac17f958d2ee523a2206206994597c13d831ec7,0xa567d32be56b25ba07df3b918f07d3f67bfa36fb
0x87870bca3f3fd6335c3f4ce8392d69350b4fa4e2,0x2ea41291694b24d3c351cb808bdd90dc0cf0f87d55dcc23c15dd2e066f7e1ba8,0xe00456d3af6e9b8715a9c29c88c1932983e064c1,0xe00456d3af6e9b8715a9c29c88c1932983e064c1,,43,23/12/2025 15:57,24076354,23/12/2025 0:00,8581646797,4.07504E+25,2,0x1898036f5dd9cf2ebd1595a6e3fc006a40a9e108,0,0xdac17f958d2ee523a2206206994597c13d831ec7,0x1898036f5dd9cf2ebd1595a6e3fc006a40a9e108
0x87870bca3f3fd6335c3f4ce8392d69350b4fa4e2,0x81b0a5e227da3a0a5bee55efd5ff4e3a56a80392113ffc6af9180fee231a39e4,0x79696164cdadea9bac3c9dddeea9f803aa5741ba,0x87870bca3f3fd6335c3f4ce8392d69350b4fa4e2,,117,23/12/2025 15:59,24076364,23/12/2025 0:00,7000000000,4.07539E+25,2,0x79696164cdadea9bac3c9dddeea9f803aa5741ba,0,0xdac17f958d2ee523a2206206994597c13d831ec7,0x79696164cdadea9bac3c9dddeea9f803aa5741ba
0x87870bca3f3fd6335c3f4ce8392d69350b4fa4e2,0xe8d30bc1912b41a5e78a24d28c31c219827da6b647e28d50c97bc016cfb4549d,0x25f50d8fcc7a921f37b51298a04be3218eabeccc,0x87870bca3f3fd6335c3f4ce8392d69350b4fa4e2,,248,23/12/2025 16:06,24076400,23/12/2025 0:00,150000000,4.07525E+25,2,0x25f50d8fcc7a921f37b51298a04be3218eabeccc,0,0xdac17f958d2ee523a2206206994597c13d831ec7,0x25f50d8fcc7a921f37b51298a04be3218eabeccc
0x87870bca3f3fd6335c3f4ce8392d69350b4fa4e2,0x45b72b7f55bcd4a9513df817fc0f9b785c9ab029780ddf17f07abfc13dd19a61,0xdc1f1b10f814d1c13746fd622af25e079acf5f99,0x87870bca3f3fd6335c3f4ce8392d69350b4fa4e2,,901,23/12/2025 16:10,24076420,23/12/2025 0:00,320000000,4.07531E+25,2,0xdc1f1b10f814d1c13746fd622af25e079acf5f99,1608,0xdac17f958d2ee523a2206206994597c13d831ec7,0xdc1f1b10f814d1c13746fd622af25e079acf5f99
0x87870bca3f3fd6335c3f4ce8392d69350b4fa4e2,0xb72c65a502e7b63b55144e123cec64d3306112b1678c5a3a53b3bbe52d4a24e0,0x786213ac9ed4510d5262793071bba4cb82c3d363,0x87870bca3f3fd6335c3f4ce8392d69350b4fa4e2,,555,23/12/2025 16:23,24076483,23/12/2025 0:00,600000000,4.07616E+25,2,0x786213ac9ed4510d5262793071bba4cb82c3d363,0,0xdac17f958d2ee523a2206206994597c13d831ec7,0x786213ac9ed4510d5262793071bba4cb82c3d363
